1790732231.558752384,0,10991,0
1790732231.558752384,1,10993,27
1790732231.808317052,0,10991,77
1790732231.808317052,1,10993,90
1790732232.057817421,0,10991,93
1790732232.057817421,1,10993,96
1790732232.306425641,0,10991,97
1790732232.306425641,1,10993,94
1790732232.554813384,0,10991,95
1790732232.554813384,1,10993,93
1790732232.803630973,0,10991,96
1790732232.803630973,1,10993,95
1790732233.050627302,0,10991,97
1790732233.050627302,1,10993,96
1790732233.297924797,0,10991,97
1790732233.297924797,1,10993,94
1790732233.545429240,0,10991,96
1790732233.545429240,1,10993,96
1790732233.795240907,0,10991,96
1790732233.795240907,1,10993,97
1790732234.044359709,0,10991,93
1790732234.044359709,1,10993,96
1790732234.295167350,0,10991,94
1790732234.295167350,1,10993,95
1790732234.545254939,0,10991,96
1790732234.545254939,1,10993,97
1790732234.793942617,0,10991,95
1790732234.793942617,1,10993,97
1790732235.041190489,0,10991,97
1790732235.041190489,1,10993,95
1790732235.295070621,0,10991,97
1790732235.295070621,1,10993,97
1790732235.543658863,0,10991,93
1790732235.543658863,1,10993,96
1790732235.791978798,0,10991,98
1790732235.791978798,1,10993,96
1790732236.039326104,0,10991,95
1790732236.039326104,1,10993,95
1790732236.287404583,0,10991,94
1790732236.287404583,1,10993,96
1790732236.534762283,0,10991,95
1790732236.534762283,1,10993,96
1790732236.785119173,0,10991,96
1790732236.785119173,1,10993,95
1790732237.033613207,0,10991,94
1790732237.033613207,1,10993,95
1790732237.282337389,0,10991,98
1790732237.282337389,1,10993,97
1790732237.530199145,0,10991,97
1790732237.530199145,1,10993,95
1790732237.779305406,0,10991,97
1790732237.779305406,1,10993,94
1790732238.026161157,0,10991,96
1790732238.026161157,1,10993,98
1790732238.276099119,0,10991,94
1790732238.276099119,1,10993,95
1790732238.526240332,0,10991,94
1790732238.526240332,1,10993,94
1790732238.776002916,0,10991,96
1790732238.776002916,1,10993,97
1790732239.024262441,0,10991,95
1790732239.024262441,1,10993,97
1790732239.273641275,0,10991,97
1790732239.273641275,1,10993,94
1790732239.522503590,0,10991,97
1790732239.522503590,1,10993,97
1790732239.771526153,0,10991,95
1790732239.771526153,1,10993,95
1790732240.020602753,0,10991,97
1790732240.020602753,1,10993,94
1790732240.267735212,0,10991,96
1790732240.267735212,1,10993,93
1790732240.516192121,0,10991,95
1790732240.516192121,1,10993,96
1790732240.765158845,0,10991,96
1790732240.765158845,1,10993,95
1790732241.013683951,0,10991,95
1790732241.013683951,1,10993,93
1790732241.260612239,0,10991,96
1790732241.260612239,1,10993,97
1790732241.509417677,0,10991,96
1790732241.509417677,1,10993,96
1790732241.760183262,0,10991,94
1790732241.760183262,1,10993,90
1790732242.010351179,0,10991,98
1790732242.010351179,1,10993,92
1790732242.260131955,0,10991,97
1790732242.260131955,1,10993,95
1790732242.507488551,0,10991,94
1790732242.507488551,1,10993,95
1790732242.781452549,0,10991,94
1790732242.781452549,1,10993,92
1790732243.028295326,0,10991,96
1790732243.028295326,1,10993,95
1790732243.274870325,0,10991,97
1790732243.274870325,1,10993,93
1790732243.523367951,0,10991,98
1790732243.523367951,1,10993,94
1790732243.771242442,0,10991,96
1790732243.771242442,1,10993,97
1790732244.019319102,0,10991,95
1790732244.019319102,1,10993,93
1790732244.266692168,0,10991,97
1790732244.266692168,1,10993,96
1790732244.513023945,0,10991,95
1790732244.513023945,1,10993,97
1790732244.761412577,0,10991,96
1790732244.761412577,1,10993,95
1790732245.009420901,0,10991,97
1790732245.009420901,1,10993,96
1790732245.257831158,0,10991,96
1790732245.257831158,1,10993,97
1790732245.505649369,0,10991,97
1790732245.505649369,1,10993,97
1790732245.753678009,0,10991,95
1790732245.753678009,1,10993,94
1790732246.003480928,0,10991,94
1790732246.003480928,1,10993,96
1790732246.249496406,0,10991,97
1790732246.249496406,1,10993,97
1790732246.496135181,0,10991,96
1790732246.496135181,1,10993,94
1790732246.743114209,0,10991,98
1790732246.743114209,1,10993,96
1790732246.990767236,0,10991,98
1790732246.990767236,1,10993,97
1790732247.240322302,0,10991,94
1790732247.240322302,1,10993,94
1790732247.490267794,0,10991,97
1790732247.490267794,1,10993,95
1790732247.737849575,0,10991,96
1790732247.737849575,1,10993,96
1790732247.987894813,0,10991,95
1790732247.987894813,1,10993,94
1790732248.238350945,0,10991,97
1790732248.238350945,1,10993,96
1790732248.487435908,0,10991,94
1790732248.487435908,1,10993,97
1790732248.736698499,0,10991,98
1790732248.736698499,1,10993,96
1790732248.984246652,0,10991,96
1790732248.984246652,1,10989,80
1790732249.230318737,0,10991,93
1790732249.230318737,1,10989,0
1790732249.471069602,0,10991,98
1790732249.471069602,1,10989,0
1790732249.712396838,0,10991,95
1790732249.712396838,1,10989,0
1790732249.953109725,0,10989,97
1790732249.953109725,1,10989,0
1790732250.195170868,0,10989,52
1790732250.195170868,1,10989,0
