timestamp,gpu,used_mib,free_mib
1790740668.261144,0,11092.875,3818.812
1790740668.573896,1,11092.875,3818.812
1790740668.824525,0,11092.875,3818.812
1790740668.824637,1,11092.875,3818.812
1790740669.074927,0,11092.875,3818.812
1790740669.075076,1,11092.875,3818.812
1790740669.325357,0,11092.875,3818.812
1790740669.325500,1,11092.875,3818.812
1790740669.575741,0,11092.875,3818.812
1790740669.575863,1,11092.875,3818.812
1790740669.826185,0,11092.875,3818.812
1790740669.826287,1,11092.875,3818.812
1790740670.076592,0,11092.875,3818.812
1790740670.076708,1,11092.875,3818.812
1790740670.327036,0,11092.875,3818.812
1790740670.327202,1,11092.875,3818.812
1790740670.577521,0,11092.875,3818.812
1790740670.577672,1,11092.875,3818.812
1790740670.827963,0,11092.875,3818.812
1790740670.828082,1,11092.875,3818.812
1790740671.078380,0,11092.875,3818.812
1790740671.078499,1,11092.875,3818.812
1790740671.328747,0,11092.875,3818.812
1790740671.328856,1,11092.875,3818.812
1790740671.579127,0,11092.875,3818.812
1790740671.579297,1,11092.875,3818.812
1790740671.829573,0,11092.875,3818.812
1790740671.829672,1,11092.875,3818.812
1790740672.080075,0,11092.875,3818.812
1790740672.080297,1,11092.875,3818.812
1790740672.330583,0,11092.875,3818.812
1790740672.330722,1,11092.875,3818.812
1790740672.581023,0,11092.875,3818.812
1790740672.581131,1,11092.875,3818.812
1790740672.831415,0,11092.875,3818.812
1790740672.831529,1,11092.875,3818.812
1790740673.081733,0,11092.875,3818.812
1790740673.081831,1,11092.875,3818.812
1790740673.332071,0,11092.875,3818.812
1790740673.332209,1,11092.875,3818.812
1790740673.582518,0,11092.875,3818.812
1790740673.582633,1,11092.875,3818.812
1790740673.832969,0,11092.875,3818.812
1790740673.833102,1,11092.875,3818.812
1790740674.083338,0,11092.875,3818.812
1790740674.083418,1,11092.875,3818.812
1790740674.333709,0,11092.875,3818.812
1790740674.333862,1,11092.875,3818.812
1790740674.584256,0,11092.875,3818.812
1790740674.584421,1,11092.875,3818.812
1790740674.834713,0,11092.875,3818.812
1790740674.834821,1,11092.875,3818.812
1790740675.085061,0,11092.875,3818.812
1790740675.085160,1,11092.875,3818.812
1790740675.335404,0,11092.875,3818.812
1790740675.335513,1,11092.875,3818.812
1790740675.585757,0,11092.875,3818.812
1790740675.585853,1,11092.875,3818.812
1790740675.836085,0,11092.875,3818.812
1790740675.836184,1,11092.875,3818.812
1790740676.086455,0,11092.875,3818.812
1790740676.086573,1,11092.875,3818.812
1790740676.336940,0,11092.875,3818.812
1790740676.338156,1,11092.875,3818.812
1790740676.588490,0,11092.875,3818.812
1790740676.588639,1,11092.875,3818.812
1790740676.838946,0,11092.875,3818.812
1790740676.839072,1,11092.875,3818.812
1790740677.089355,0,11092.875,3818.812
1790740677.089462,1,11092.875,3818.812
1790740677.341083,0,11092.875,3818.812
1790740677.342612,1,11092.875,3818.812
1790740677.592942,0,11092.875,3818.812
1790740677.593076,1,11092.875,3818.812
1790740677.843386,0,11092.875,3818.812
1790740677.843511,1,11092.875,3818.812
1790740678.093801,0,11092.875,3818.812
1790740678.093903,1,11092.875,3818.812
1790740678.345442,0,11092.875,3818.812
1790740678.347668,1,11092.875,3818.812
1790740678.597972,0,11092.875,3818.812
1790740678.598076,1,11092.875,3818.812
1790740678.848365,0,11092.875,3818.812
1790740678.848512,1,11092.875,3818.812
1790740679.098798,0,11092.875,3818.812
1790740679.098918,1,11092.875,3818.812
1790740679.359238,0,11092.875,3818.812
1790740679.360909,1,11092.875,3818.812
1790740679.611244,0,11092.875,3818.812
1790740679.611355,1,11092.875,3818.812
1790740679.861614,0,11092.875,3818.812
1790740679.861715,1,11092.875,3818.812
1790740680.111960,0,11092.875,3818.812
1790740680.112053,1,11092.875,3818.812
1790740680.363229,0,11092.875,3818.812
1790740680.365155,1,11092.875,3818.812
1790740680.615435,0,11092.875,3818.812
1790740680.615525,1,11092.875,3818.812
1790740680.865743,0,11092.875,3818.812
1790740680.865824,1,11092.875,3818.812
1790740681.116100,0,11092.875,3818.812
1790740681.116235,1,11092.875,3818.812
1790740681.367133,0,11092.875,3818.812
1790740681.368659,1,11092.875,3818.812
1790740681.619163,0,11092.875,3818.812
1790740681.619365,1,11092.875,3818.812
1790740681.869656,0,11092.875,3818.812
1790740681.869771,1,11092.875,3818.812
1790740682.120046,0,11092.875,3818.812
1790740682.120162,1,11092.875,3818.812
1790740682.371808,0,11092.875,3818.812
1790740682.373207,1,11092.875,3818.812
1790740682.623498,0,11092.875,3818.812
1790740682.623629,1,11092.875,3818.812
1790740682.873914,0,11092.875,3818.812
1790740682.874046,1,11090.875,3820.812
1790740683.124337,0,11092.875,3818.812
1790740683.124460,1,11090.875,3820.812
1790740683.375303,0,11092.875,3818.812
1790740683.376464,1,11090.875,3820.812
1790740683.626822,0,11092.875,3818.812
1790740683.626930,1,11090.875,3820.812
1790740683.877294,0,11090.875,3820.812
1790740683.877408,1,11090.875,3820.812
